<?xml version="1.0" encoding="UTF-8" standalone="yes"?><response><header><resultCode>0000</resultCode><resultMsg>OK</resultMsg></header><body><items><item><baseDate>20181213</baseDate><baseTime>2000</baseTime><category>POP</category><fcstDate>20181214</fcstDate><fcstTime>0000</fcstTime><fcstValue>20</fcstValue><nx>52</nx><ny>38</ny></item><item><baseDate>20181213</baseDate><baseTime>2000</baseTime><category>PTY</category><fcstDate>20181214</fcstDate><fcstTime>0000</fcstTime><fcstValue>0</fcstValue><nx>52</nx><ny>38</ny></item><item><baseDate>20181213</baseDate><baseTime>2000</baseTime><category>R06</category><fcstDate>20181214</fcstDate><fcstTime>0000</fcstTime><fcstValue>0</fcstValue><nx>52</nx><ny>38</ny></item><item><baseDate>20181213</baseDate><baseTime>2000</baseTime><category>REH</category><fcstDate>20181214</fcstDate><fcstTime>0000</fcstTime><fcstValue>80</fcstValue><nx>52</nx><ny>38</ny></item><item><baseDate>20181213</baseDate><baseTime>2000</baseTime><category>S06</category><fcstDate>20181214</fcstDate><fcstTime>0000</fcstTime><fcstValue>0</fcstValue><nx>52</nx><ny>38</ny></item><item><baseDate>20181213</baseDate><baseTime>2000</baseTime><category>SKY</category><fcstDate>20181214</fcstDate><fcstTime>0000</fcstTime><fcstValue>3</fcstValue><nx>52</nx><ny>38</ny></item><item><baseDate>20181213</baseDate><baseTime>2000</baseTime><category>T3H</category><fcstDate>20181214</fcstDate><fcstTime>0000</fcstTime><fcstValue>4</fcstValue><nx>52</nx><ny>38</ny></item><item><baseDate>20181213</baseDate><baseTime>2000</baseTime><category>UUU</category><fcstDate>20181214</fcstDate><fcstTime>0000</fcstTime><fcstValue>2.5</fcstValue><nx>52</nx><ny>38</ny></item><item><baseDate>20181213</baseDate><baseTime>2000</baseTime><category>VEC</category><fcstDate>20181214</fcstDate><fcstTime>0000</fcstTime><fcstValue>340</fcstValue><nx>52</nx><ny>38</ny></item><item><baseDate>20181213</baseDate><baseTime>2000</baseTime><category>VVV</category><fcstDate>20181214</fcstDate><fcstTime>0000</fcstTime><fcstValue>-7</fcstValue><nx>52</nx><ny>38</ny></item><item><baseDate>20181213</baseDate><baseTime>2000</baseTime><category>WSD</category><fcstDate>20181214</fcstDate><fcstTime>0000</fcstTime><fcstValue>7.4</fcstValue><nx>52</nx><ny>38</ny></item><item><baseDate>20181213</baseDate><baseTime>2000</baseTime><category>WAV</category><fcstDate>20181214</fcstDate><fcstTime>0000</fcstTime><fcstValue>0.5</fcstValue><nx>52</nx><ny>38</ny></item><item><baseDate>20181213</baseDate><baseTime>2000</baseTime><category>POP</category><fcstDate>20181214</fcstDate><fcstTime>0300</fcstTime><fcstValue>20</fcstValue><nx>52</nx><ny>38</ny></item><item><baseDate>20181213</baseDate><baseTime>2000</baseTime><category>PTY</category><fcstDate>20181214</fcstDate><fcstTime>0300</fcstTime><fcstValue>0</fcstValue><nx>52</nx><ny>38</ny></item><item><baseDate>20181213</baseDate><baseTime>2000</baseTime><category>REH</category><fcstDate>20181214</fcstDate><fcstTime>0300</fcstTime><fcstValue>80</fcstValue><nx>52</nx><ny>38</ny></item><item><baseDate>20181213</baseDate><baseTime>2000</baseTime><category>SKY</category><fcstDate>20181214</fcstDate><fcstTime>0300</fcstTime><fcstValue>3</fcstValue><nx>52</nx><ny>38</ny></item><item><baseDate>20181213</baseDate><baseTime>2000</baseTime><category>T3H</category><fcstDate>20181214</fcstDate><fcstTime>0300</fcstTime><fcstValue>4</fcstValue><nx>52</nx><ny>38</ny></item><item><baseDate>20181213</baseDate><baseTime>2000</baseTime><category>UUU</category><fcstDate>20181214</fcstDate><fcstTime>0300</fcstTime><fcstValue>2</fcstValue><nx>52</nx><ny>38</ny></item><item><baseDate>20181213</baseDate><baseTime>2000</baseTime><category>VEC</category><fcstDate>20181214</fcstDate><fcstTime>0300</fcstTime><fcstValue>342</fcstValue><nx>52</nx><ny>38</ny></item><item><baseDate>20181213</baseDate><baseTime>2000</baseTime><category>VVV</category><fcstDate>20181214</fcstDate><fcstTime>0300</fcstTime><fcstValue>-6.1</fcstValue><nx>52</nx><ny>38</ny></item><item><baseDate>20181213</baseDate><baseTime>2000</baseTime><category>WSD</category><fcstDate>20181214</fcstDate><fcstTime>0300</fcstTime><fcstValue>6.4</fcstValue><nx>52</nx><ny>38</ny></item><item><baseDate>20181213</baseDate><baseTime>2000</baseTime><category>WAV</category><fcstDate>20181214</fcstDate><fcstTime>0300</fcstTime><fcstValue>0.5</fcstValue><nx>52</nx><ny>38</ny></item><item><baseDate>20181213</baseDate><baseTime>2000</baseTime><category>POP</category><fcstDate>20181214</fcstDate><fcstTime>0600</fcstTime><fcstValue>20</fcstValue><nx>52</nx><ny>38</ny></item><item><baseDate>20181213</baseDate><baseTime>2000</baseTime><category>PTY</category><fcstDate>20181214</fcstDate><fcstTime>0600</fcstTime><fcstValue>0</fcstValue><nx>52</nx><ny>38</ny></item></items><numOfRows>24</numOfRows><pageNo>1</pageNo><totalCount>192</totalCount></body></response>