<?xml version="1.0" encoding="UTF-8" standalone="yes"?><response><header><resultCode>0000</resultCode><resultMsg>OK</resultMsg></header><body><items><item><baseDate>20181213</baseDate><baseTime>2200</baseTime><category>PTY</category><nx>52</nx><ny>38</ny><obsrValue>0</obsrValue></item><item><baseDate>20181213</baseDate><baseTime>2200</baseTime><category>REH</category><nx>52</nx><ny>38</ny><obsrValue>58</obsrValue></item><item><baseDate>20181213</baseDate><baseTime>2200</baseTime><category>RN1</category><nx>52</nx><ny>38</ny><obsrValue>0</obsrValue></item><item><baseDate>20181213</baseDate><baseTime>2200</baseTime><category>T1H</category><nx>52</nx><ny>38</ny><obsrValue>7.5</obsrValue></item><item><baseDate>20181213</baseDate><baseTime>2200</baseTime><category>UUU</category><nx>52</nx><ny>38</ny><obsrValue>1.7</obsrValue></item><item><baseDate>20181213</baseDate><baseTime>2200</baseTime><category>VEC</category><nx>52</nx><ny>38</ny><obsrValue>340</obsrValue></item><item><baseDate>20181213</baseDate><baseTime>2200</baseTime><category>VVV</category><nx>52</nx><ny>38</ny><obsrValue>-4.6</obsrValue></item><item><baseDate>20181213</baseDate><baseTime>2200</baseTime><category>WSD</category><nx>52</nx><ny>38</ny><obsrValue>5</obsrValue></item></items><numOfRows>8</numOfRows><pageNo>1</pageNo><totalCount>8</totalCount></body></response>